Year,Total_Passengers,Weeks,Avg_Weekly,Recovery_%,Diff_from_2019,Pct_Change,Status
2026,6765341.835273924,52,130102.72760142162,3133.4953661228715,125950.72760142162,3033.4953661228715,Above 2019 ✓
2027,8100604.7500675935,52,155780.86057822296,3751.947509109416,151628.86057822296,3651.947509109416,Above 2019 ✓
2028,9665201.524242008,53,182362.29291022656,4392.155416912971,178210.29291022656,4292.155416912971,Above 2019 ✓
2029,10850124.016969124,52,208656.23109556007,5025.439091896918,204504.23109556007,4925.439091896918,Above 2019 ✓
2030,6856350.05356638,30,228545.00178554602,5504.455727012187,224393.00178554602,5404.455727012187,Above 2019 ✓
