Year,Projected_Passengers,Conservative_Estimate,Optimistic_Estimate,Recovery_%
2026,6731345.206162912,5582946.073768561,7879744.338557264,103.2
2027,8046234.882428599,6631806.314845866,9460663.450011332,123.4
2028,9554572.77793542,7807735.751451698,11301409.804419141,146.5
2029,10703064.144071927,8692295.395965628,12713832.892178226,164.1
2030,6551008.027974429,5402432.846229526,7699583.209719331,100.5
